age,annual_income,spending_score,purchase_frequency,avg_transaction,days_since_purchase,loyalty_points,estimated_ltv
26,28098.0,35.0,3.2,509.13,72,873,1495.76
51,156981.0,78.2,12.5,2979.87,9,3806,37663.85
26,21354.0,17.7,3.6,481.57,55,695,1979.52
37,72122.0,62.6,5.7,1043.07,35,1773,5670.14
26,25745.0,14.6,2.2,562.84,17,617,1189.73
42,108757.0,75.8,12.4,2104.37,10,2739,25790.59
28,29509.0,18.5,5.0,459.25,60,904,3187.96
18,30846.0,26.7,5.0,397.5,56,879,2197.73
25,33805.0,22.3,4.3,290.77,64,852,1798.4
29,29367.0,23.1,5.3,216.38,63,864,1124.9
20,27778.0,33.1,4.6,417.04,44,879,2170.07
43,62144.0,58.1,9.9,1677.85,15,1507,16683.09
37,118317.0,93.6,9.7,2973.29,7,2740,28671.34
28,36243.0,27.5,3.8,405.66,62,839,966.62
39,108917.0,71.0,7.9,3862.64,4,2449,30686.28
42,50230.0,44.8,11.0,1554.63,34,1610,17657.35
24,25878.0,20.0,2.3,355.67,73,660,1082.83
34,70954.0,58.7,7.9,1322.8,28,1703,10619.74
40,54357.0,49.4,6.3,1021.96,19,1304,6723.47
29,28050.0,37.0,5.7,309.61,68,871,614.47
30,27799.0,21.5,3.3,455.62,58,899,1956.61
52,141488.0,86.5,14.4,3097.19,5,3544,44348.71
57,158852.0,97.1,12.6,3313.75,4,3835,41811.69
42,69735.0,53.3,6.2,954.43,30,1688,5574.77
37,68936.0,46.5,9.3,782.85,32,1843,8201.14
41,63214.0,50.0,2.9,1378.65,17,1234,3565.3
23,27951.0,11.5,2.2,344.25,62,599,1405.16
51,135069.0,82.8,14.1,2856.64,5,3412,39978.85
49,146753.0,84.3,12.4,3265.35,7,3819,41781.49
48,68662.0,55.8,7.6,1542.63,17,1818,11306.42
21,29159.0,26.6,0.0,386.15,85,540,0.0
49,151933.0,86.8,13.1,3102.15,6,3676,40360.63
28,26223.0,34.7,3.3,502.41,76,681,793.27
34,64427.0,59.6,7.1,693.55,40,1563,4541.14
53,128622.0,89.5,11.3,3076.12,10,3049,33998.98
49,132874.0,84.2,13.3,2692.76,15,3247,35921.22
19,36370.0,35.8,1.9,441.38,46,816,1513.65
49,73282.0,61.1,12.8,1127.99,22,2067,14416.24
43,71325.0,45.7,6.2,1190.61,36,1722,6881.57
40,24676.0,17.8,5.9,374.92,45,791,2913.47
20,29607.0,20.7,4.1,307.93,73,721,1592.89
28,25692.0,23.3,4.1,473.49,86,740,1406.83
33,72899.0,65.7,7.6,882.67,24,2026,6818.37
41,143987.0,79.8,15.9,4074.07,12,3734,65225.46
51,162761.0,86.7,16.6,3465.51,10,4050,56859.05
41,124954.0,89.2,17.4,3320.62,5,3382,57227.19
28,31022.0,13.1,3.5,492.78,59,542,1396.27
33,56199.0,69.6,10.6,1380.37,7,1544,14348.72
42,58356.0,63.5,9.0,816.24,29,1663,7259.56
55,146055.0,86.8,10.9,3565.5,9,3446,39023.33
36,64903.0,58.9,8.4,1106.29,21,1622,9521.2
33,65167.0,54.3,7.1,1127.86,28,1796,7597.47
41,61864.0,64.0,4.7,735.52,25,1325,2988.89
25,29354.0,45.2,3.3,472.24,39,655,1400.19
22,27188.0,44.6,0.8,458.64,68,743,0.0
28,24370.0,26.6,3.7,616.5,73,684,2154.88
24,22480.0,32.9,0.8,369.75,66,454,156.49
38,68407.0,52.2,9.1,1460.43,29,2135,13856.01
36,58043.0,49.5,12.0,1096.6,27,1768,13642.41
41,60792.0,48.5,7.6,1464.68,16,1442,10733.96
19,26116.0,23.0,5.8,335.07,51,886,1949.23
43,52215.0,54.9,9.2,745.51,12,1341,7087.81
39,119667.0,82.5,5.5,2499.96,11,2764,13366.07
47,63487.0,65.2,6.8,1172.33,22,1517,7700.31
27,28194.0,35.0,2.1,367.73,58,757,147.52
25,24498.0,25.2,4.4,520.04,68,720,2241.69
47,160229.0,76.0,18.4,3273.47,5,4209,60059.71
38,71712.0,47.7,7.6,785.84,19,1896,5028.55
39,70723.0,66.2,6.5,1072.55,16,1754,6692.18
40,72373.0,75.9,6.9,975.84,22,1737,6664.76
42,144405.0,100.0,9.8,3242.25,7,3487,31902.62
26,64611.0,62.3,8.6,1419.11,15,1760,12077.87
40,116789.0,87.8,14.6,2684.02,6,2925,39283.54
38,70927.0,65.2,8.7,1054.1,22,1895,9591.62
22,34514.0,27.0,1.2,338.66,46,643,0.0
38,134675.0,90.4,15.2,2793.59,6,3549,41745.91
45,66972.0,62.4,6.4,1116.78,12,1711,6822.66
44,58534.0,55.6,8.4,1045.59,21,1440,8511.52
23,30077.0,20.4,4.0,455.83,60,796,2256.14
56,120877.0,84.5,16.4,3162.06,11,3254,51878.17
41,70350.0,46.4,8.5,953.03,16,1746,7806.3
26,34580.0,30.0,4.5,547.12,84,818,1544.12
42,69005.0,56.9,6.8,1451.86,30,1842,10325.14
25,28896.0,23.0,2.0,388.88,61,707,648.91
45,120885.0,96.0,17.0,3171.05,9,3389,53757.98
39,99888.0,100.0,17.3,3257.91,3,2743,57448.82
50,62140.0,72.2,6.7,1235.09,35,1509,8409.71
43,68696.0,48.7,7.0,1532.64,21,1891,10518.73
23,28397.0,25.7,3.3,552.85,71,772,473.63
38,76588.0,35.4,8.2,1538.86,27,1878,12186.97
48,52193.0,57.9,8.5,1489.77,23,1430,12913.63
47,73777.0,47.2,5.7,1392.98,28,1844,8164.98
38,107497.0,88.9,11.0,2988.12,7,2646,32823.26
54,133478.0,92.0,13.9,3129.24,4,3298,43622.47
33,124175.0,87.4,16.6,3394.8,5,3472,56579.81
43,59868.0,62.9,7.3,1167.62,43,1612,7936.22
25,31489.0,16.1,2.3,631.93,36,728,1645.89
21,23851.0,24.7,3.1,265.29,45,674,1325.79
44,152920.0,95.8,16.8,2606.83,11,3858,44314.25
50,132719.0,85.4,15.9,3826.57,6,3360,60964.76
46,63753.0,48.0,4.2,1146.08,23,1581,4989.99
43,68779.0,46.7,4.4,1290.35,5,1612,5157.34
35,66841.0,53.0,6.5,1616.81,39,1789,10152.12
40,55087.0,50.6,11.1,959.32,29,1594,10457.84
55,122562.0,98.4,10.2,3027.04,11,3030,31048.91
21,28192.0,20.8,1.9,289.68,72,753,520.62
50,149360.0,92.4,14.0,2938.93,3,3640,41683.03
19,25397.0,21.5,4.7,499.6,66,783,2861.98
47,123773.0,85.2,18.8,3720.03,8,3396,69840.94
26,28309.0,27.2,4.1,601.34,73,695,2939.34
43,127369.0,91.8,7.0,3300.42,10,2859,23919.16
48,148521.0,91.7,13.4,2871.31,13,3371,38891.8
36,123311.0,93.0,16.5,2463.98,6,3323,40943.65
32,59579.0,58.9,3.8,1330.54,4,1519,5005.35
41,128338.0,80.6,14.9,3557.87,5,3288,52720.39
41,74540.0,50.9,7.4,762.04,14,1800,5834.02
34,150349.0,81.9,12.5,3443.89,5,3647,43137.99
52,135392.0,72.2,13.1,4362.34,8,3300,57416.61
26,21147.0,27.6,5.7,491.91,69,695,2860.58
52,133953.0,77.3,12.8,2847.11,9,3466,36460.81
33,55553.0,60.7,10.0,1247.61,25,1391,12691.43
26,32150.0,36.1,0.6,554.21,63,845,0.0
27,29082.0,23.5,2.7,532.82,77,783,2221.68
42,65847.0,47.9,8.6,1411.69,26,1782,11272.9
40,101325.0,86.6,11.9,3126.4,10,2817,36882.92
25,36759.0,32.5,0.6,419.2,49,718,714.92
20,26368.0,21.9,6.7,458.86,47,717,3409.44
51,154843.0,81.1,14.1,3207.25,1,3737,45742.62
47,50068.0,75.6,9.9,1218.17,29,1513,11541.0
30,27869.0,14.8,2.3,400.3,81,840,861.24
31,67750.0,51.7,9.5,661.9,40,2027,5900.43
49,134495.0,93.2,18.2,2835.91,11,3667,50759.09
30,74121.0,42.6,6.7,1067.67,14,1679,5838.93
30,26395.0,25.9,5.2,258.63,56,784,2228.24
57,124190.0,89.7,12.6,4396.05,12,3239,55608.72
23,26089.0,29.1,1.0,655.82,62,397,66.26
48,115862.0,77.2,15.2,2846.04,8,3024,43137.77
52,122839.0,74.3,17.8,3209.73,4,3214,56883.09
44,71267.0,41.8,6.9,900.8,37,1699,6746.55
28,28190.0,26.9,4.4,428.26,36,857,2314.24
20,28346.0,20.0,1.5,430.88,19,625,643.78
18,27146.0,30.6,3.4,244.41,78,570,461.96
33,126407.0,96.4,15.1,3674.41,20,3385,56314.91
45,69825.0,43.5,11.1,1082.22,25,2143,12143.34
48,139500.0,81.3,11.5,2788.23,8,3291,32740.01
27,19155.0,39.4,2.6,464.83,40,514,1776.79
45,94196.0,91.9,13.5,3142.45,2,2442,42952.75
27,27116.0,19.4,1.3,384.15,60,677,911.82
34,68982.0,54.9,9.5,1580.81,11,1896,13989.29
21,25291.0,21.6,0.0,657.97,58,456,0.0
32,24411.0,37.2,5.8,263.02,33,718,852.14
54,131300.0,76.4,12.2,3316.43,4,3284,41197.18
39,57349.0,44.1,7.8,1017.6,28,1655,7821.82
44,60534.0,59.6,8.2,1016.17,35,1685,8327.52
33,59523.0,59.7,4.6,1177.69,29,1396,6249.01
25,30058.0,38.6,2.2,447.47,56,697,1074.15
24,28733.0,39.0,0.0,439.33,77,541,0.0
44,72059.0,60.5,11.5,1124.79,41,2037,13627.1
50,65327.0,43.8,9.0,878.21,42,1842,7290.55
31,19504.0,20.8,1.5,470.81,45,476,471.95
40,71277.0,66.7,7.0,1084.21,18,1947,7673.33
45,110815.0,84.5,13.3,3439.68,9,2796,46122.38
55,141266.0,83.3,7.5,3137.99,6,3112,24025.56
39,56108.0,55.8,9.3,1279.36,16,1588,12262.28
43,62988.0,53.0,10.8,1423.42,30,1715,14773.71
43,70442.0,46.0,8.8,911.41,26,1793,6974.1
24,28469.0,40.0,3.1,404.06,53,723,1729.55
29,27924.0,45.6,2.9,522.77,57,800,465.32
54,117859.0,88.8,12.0,2970.12,9,2875,36332.14
43,74886.0,45.7,5.8,1085.23,26,1754,6437.96
36,62897.0,54.6,11.0,1488.48,27,1746,16299.06
47,54939.0,55.4,8.9,1204.6,26,1536,10624.89
26,33415.0,15.0,4.0,370.97,91,801,826.72
44,77938.0,79.3,8.4,1308.07,31,2053,10530.98
44,62122.0,58.5,10.5,1492.55,18,1934,15988.2
53,106515.0,93.6,8.2,2639.12,11,2424,21461.66
39,61692.0,56.0,9.1,1219.9,18,1712,10934.76
47,125416.0,78.8,14.8,2089.79,8,3334,30754.41
25,23143.0,20.9,0.7,387.02,76,564,0.0
22,24963.0,15.2,3.0,321.4,66,411,1182.19
23,27129.0,30.2,2.5,275.61,43,617,607.05
36,62168.0,57.3,12.0,1214.75,36,1785,14165.34
20,18113.0,26.3,2.7,439.97,46,575,1246.91
56,138522.0,84.5,12.3,2859.31,8,3252,35951.97
42,57795.0,42.0,8.3,1321.51,29,1668,10550.15
42,57564.0,52.6,9.2,578.05,30,1642,7085.02
30,32717.0,22.1,2.5,339.05,54,656,1099.95
24,28286.0,31.6,3.2,344.81,32,730,981.05
27,63171.0,60.5,9.3,820.16,25,1771,8132.11
24,30513.0,33.8,2.9,621.05,43,578,1857.47
29,23990.0,25.5,4.7,279.04,66,854,1187.12
36,64471.0,32.8,8.7,1011.05,27,1744,8793.5
45,65555.0,68.3,7.7,1484.33,23,1579,10676.47
44,129094.0,81.0,17.3,3564.53,10,3390,62051.75
33,63128.0,61.8,7.0,1256.32,28,1631,8945.81
26,25602.0,16.0,3.6,384.75,77,739,680.6
44,132584.0,85.1,12.3,2674.69,8,3210,32487.19
48,81716.0,62.2,7.4,1654.52,17,1876,12681.93
48,125970.0,91.7,16.0,3032.38,8,3304,48840.09
25,76357.0,59.2,10.5,722.66,27,2041,7179.65
42,131197.0,73.5,11.1,3234.68,13,3298,35123.06
46,74886.0,61.3,8.5,1361.62,32,1866,10967.24
50,125196.0,86.0,17.9,2639.98,7,3406,46922.77
24,26163.0,29.7,1.5,258.16,55,725,1109.6
55,128814.0,81.7,14.2,2564.04,9,3264,36171.75
29,59717.0,59.0,7.2,1434.48,24,1778,10220.84
38,62458.0,57.4,6.5,1251.1,8,1540,8879.49
53,112162.0,79.6,11.4,3052.77,3,2799,35700.55
54,90539.0,78.9,13.1,3735.54,15,2518,49340.5
47,122235.0,86.2,14.0,3875.56,6,3197,54709.91
39,66518.0,42.4,7.9,984.03,41,1699,8070.7
36,73416.0,36.2,7.9,1246.29,34,1857,9382.43
30,56879.0,63.9,9.6,1280.4,41,1588,11881.89
54,142933.0,90.5,9.4,3748.27,15,3357,34421.23
36,74553.0,54.5,6.8,924.08,22,1898,6300.01
41,64994.0,41.8,6.9,732.55,41,1622,4910.01
41,65273.0,54.5,6.8,1394.01,17,1556,8938.04
23,29916.0,33.5,2.1,343.58,58,736,1455.7
28,25634.0,15.0,4.1,333.71,74,834,1803.17
48,77089.0,36.2,9.7,1107.7,15,1978,10324.59
22,24829.0,46.1,2.0,140.9,56,451,0.0
51,78292.0,46.7,11.1,1022.64,22,2000,11226.14
52,73060.0,43.7,7.3,1097.13,34,1961,8864.77
23,25602.0,33.4,4.4,499.2,81,785,1782.98
20,22469.0,25.2,3.5,334.31,63,671,997.64
51,117326.0,70.1,11.2,2798.03,2,3016,31900.58
41,70564.0,50.6,11.2,1394.84,10,2087,15474.71
35,124410.0,89.9,13.9,2944.12,7,3018,40666.28
46,63480.0,48.9,9.7,1500.13,42,1634,14467.21
51,68011.0,47.8,8.8,723.05,28,1796,5699.01
35,61506.0,55.9,9.0,1151.43,32,1597,10845.8
37,157201.0,73.8,10.7,3367.22,10,3559,35869.71
34,63472.0,41.7,8.2,1337.94,44,1491,10921.45
28,30989.0,32.0,3.0,412.23,48,825,1733.87
19,29350.0,36.4,5.5,456.55,68,773,2353.9
35,63534.0,32.9,5.7,1407.55,25,1268,8426.71
36,52975.0,50.1,8.6,1309.33,22,1597,11842.39
32,19848.0,27.3,5.1,566.99,93,720,3615.83
20,25785.0,18.1,3.8,252.11,45,704,612.77
42,71231.0,62.9,9.5,1389.37,5,1915,14102.12
57,129161.0,94.4,11.6,4292.55,6,3101,49584.71
39,51341.0,42.7,6.9,1105.5,34,1492,7179.94
46,70383.0,54.8,9.1,1313.38,38,1966,11788.88
37,49239.0,60.6,11.1,767.2,29,1431,8609.34
30,78141.0,68.4,10.1,866.13,33,1859,7888.57
42,65114.0,64.8,11.8,1437.89,30,1702,17384.82
51,56266.0,69.0,7.8,988.29,23,1581,6928.79
33,62496.0,41.5,9.8,1312.65,23,2012,13635.51
35,93604.0,81.3,14.8,4052.05,9,2655,60436.8
42,69462.0,59.7,9.2,1101.08,17,1937,10329.49
33,58932.0,58.2,6.1,1575.85,15,1426,9173.62
51,120829.0,93.3,13.1,4371.83,8,3222,56387.68
63,132796.0,77.9,16.0,3129.24,3,3514,50010.64
29,27044.0,36.6,4.3,445.59,27,860,1537.51
56,118972.0,85.8,18.8,3844.04,10,3401,72280.11
18,24767.0,35.2,4.1,369.09,48,812,1564.38
27,25945.0,20.1,5.2,263.31,78,730,246.73
28,26316.0,30.1,2.5,467.32,80,585,1875.26
46,64332.0,58.3,6.1,898.24,35,1678,5122.07
55,135720.0,89.4,14.0,3114.81,1,3548,43639.56
33,63557.0,74.9,5.6,708.23,27,1597,4319.16
45,57151.0,67.2,8.9,1117.3,24,1439,9828.37
27,30870.0,11.4,4.0,549.07,75,837,1510.52
39,60967.0,63.6,9.1,1175.84,21,1607,11489.76
38,70548.0,55.2,7.6,1257.25,16,1626,10853.01
40,69854.0,49.0,7.2,1006.84,28,1738,6761.44
42,138558.0,76.3,11.1,3274.44,6,3412,36017.05
47,124758.0,96.6,13.3,3875.43,5,3244,51496.55
57,136904.0,83.0,14.1,3594.96,6,3368,51345.86
28,26339.0,20.8,5.1,362.72,59,747,1968.02
50,121777.0,86.5,16.8,4004.76,9,3119,68152.29
50,138889.0,72.2,13.2,3664.12,11,3546,48897.68
29,26921.0,23.7,3.0,606.15,55,647,1548.45
25,21939.0,30.1,3.1,262.81,54,560,883.4
46,102455.0,94.3,15.2,2529.47,4,2838,37658.28
39,67557.0,61.5,6.2,1239.51,26,1593,7859.02
42,153382.0,76.5,15.2,3204.39,5,3781,49456.43
53,126995.0,89.3,16.9,2832.88,5,3377,46595.13
25,24406.0,22.1,3.3,438.86,44,613,482.82
43,154575.0,86.8,15.5,2353.86,10,3772,36653.08
22,24178.0,14.3,2.5,351.21,60,710,0.0
42,137197.0,99.8,16.0,3723.46,8,3622,59570.94
39,150266.0,78.0,16.0,2302.18,11,4034,36883.44
22,24908.0,33.7,0.9,523.61,52,553,233.68
25,19843.0,17.2,0.5,521.88,47,347,0.0
31,66658.0,61.2,8.7,911.66,28,1813,7881.97
46,55810.0,65.0,6.7,1074.65,8,1487,7323.96
31,28296.0,28.8,5.4,366.29,54,1084,1800.56
29,27551.0,34.2,2.5,519.66,79,677,672.57
23,30496.0,25.4,5.3,496.39,53,800,3350.84
35,76213.0,57.1,11.4,729.21,25,2205,9135.24
20,24555.0,14.8,3.1,413.65,40,683,1604.96
41,63698.0,70.4,11.1,1531.45,29,1724,17426.33
35,141754.0,76.4,16.3,3907.09,4,3672,63762.07
45,135687.0,70.3,10.9,2796.81,6,3353,30213.19
37,65398.0,64.4,7.5,886.27,19,1527,5798.03
26,29536.0,10.3,5.5,416.06,60,1036,1349.25
26,33467.0,32.8,1.1,238.64,46,686,0.0
31,33111.0,18.8,1.0,329.8,70,557,0.0
44,57343.0,52.0,10.5,1207.51,36,1836,12710.68
39,66478.0,69.5,7.5,1338.26,17,1670,9611.08
31,31837.0,22.0,2.0,368.36,40,688,1381.69
56,144244.0,87.6,15.0,3513.8,2,3622,53740.72
41,65157.0,44.8,11.4,1035.44,13,1876,12001.56
33,165236.0,88.4,16.2,3191.5,13,4010,50646.87
28,30679.0,19.2,4.3,251.51,66,663,638.89
34,25393.0,24.7,2.6,383.29,72,561,666.65
34,21322.0,20.9,4.7,453.83,68,627,1939.99
37,65262.0,58.4,4.7,809.63,26,1699,3887.48
49,143293.0,87.8,15.7,3034.95,10,3839,47602.89
21,26922.0,28.3,3.6,378.66,50,850,621.93
50,105762.0,100.0,13.3,3241.42,11,2780,43415.89
48,73915.0,54.4,10.7,1312.3,20,1989,14747.0
28,22311.0,33.6,3.6,429.93,78,556,2816.33
26,28975.0,38.4,4.3,379.64,87,732,1578.92
35,69936.0,70.2,9.6,1274.54,12,1879,11800.56
26,28481.0,8.3,4.6,508.59,65,776,2107.59
34,75570.0,59.8,11.4,1384.91,34,1914,16397.97
22,27926.0,25.1,3.5,567.26,74,671,3066.3
62,155036.0,77.1,9.2,2502.28,9,3469,23355.35
36,63593.0,45.8,11.5,857.08,21,1843,9994.45
39,57016.0,61.2,7.2,1306.36,20,1246,8889.03
23,23976.0,37.7,4.8,381.47,54,701,1582.45
39,135447.0,88.9,12.3,2357.67,12,3296,29239.93
39,72141.0,45.8,7.5,1573.73,24,1897,11387.24
41,70491.0,55.5,7.7,1133.09,27,1735,8190.33
23,33901.0,34.0,3.5,483.35,57,866,1186.31
53,69836.0,60.5,6.7,1129.22,22,1877,8312.74
49,133114.0,92.6,13.1,2400.3,9,3505,31395.99
55,162549.0,84.8,12.6,4031.87,15,3871,51983.48
24,32805.0,20.1,4.5,341.95,56,834,1539.41
57,100368.0,73.1,15.6,2915.28,10,2773,46060.15
46,138225.0,81.1,15.0,2762.78,6,3536,42810.84
42,137089.0,90.6,17.9,3013.37,11,3674,53928.1
36,60069.0,69.9,7.1,985.81,24,1452,7904.34
21,29297.0,28.8,2.3,316.47,45,645,1216.13
59,107216.0,69.5,18.8,3614.03,7,3024,68145.66
37,66387.0,42.1,8.1,1053.37,17,1734,8091.86
23,25897.0,28.9,2.9,495.67,61,668,1388.28
24,34131.0,20.6,5.0,407.6,49,998,2597.83
30,29308.0,14.0,3.2,386.6,51,680,2291.72
18,28993.0,39.8,4.4,493.26,38,651,2227.61
45,68986.0,59.8,9.8,1176.65,11,1771,11952.4
54,129053.0,85.0,13.5,2843.21,0,3224,37340.15
26,31302.0,27.2,3.4,328.16,49,718,487.44
21,21574.0,28.0,2.5,615.73,46,722,1107.11
37,61566.0,55.3,7.1,712.22,32,1411,4170.36
60,108645.0,84.1,19.2,3352.62,8,3147,63486.11
19,30282.0,22.1,1.3,316.08,69,718,809.84
42,50790.0,56.7,10.3,1496.68,24,1485,15063.72
53,141413.0,89.0,11.4,3509.87,10,3307,39883.35
42,123817.0,85.2,15.1,3783.19,12,3243,56269.24
45,62648.0,58.0,9.7,1095.52,37,1643,10889.7
47,61903.0,62.0,8.4,1512.4,42,1676,12742.56
46,148743.0,96.5,14.7,2965.75,10,3794,44171.69
25,30306.0,19.2,0.7,333.09,78,573,740.14
53,154222.0,85.9,13.4,3068.63,10,3731,40806.49
42,57810.0,41.2,6.8,1023.09,24,1790,6502.51
28,62133.0,56.8,7.4,1079.11,20,1618,8315.12
22,28856.0,24.2,0.4,302.69,51,671,417.73
32,29485.0,19.9,5.4,523.83,63,1004,3019.96
43,133071.0,92.5,16.4,3493.63,8,3435,57825.28
46,133323.0,80.7,15.6,3483.39,4,3541,54869.2
18,36613.0,13.7,2.3,521.31,67,832,1129.19
35,33111.0,28.2,2.0,455.78,59,786,1061.9
45,70327.0,61.0,9.4,1383.91,28,1852,12256.62
46,69180.0,32.5,15.9,730.0,40,2277,12271.88
24,26200.0,12.5,4.0,453.65,53,678,2096.8
24,29329.0,24.7,5.6,401.04,57,986,2429.66
29,63980.0,39.1,6.9,1410.5,21,1649,10184.42
22,22719.0,16.4,2.6,399.39,67,548,255.03
49,121152.0,77.3,17.8,4756.46,11,3266,84717.27
27,25692.0,28.6,3.0,184.71,61,627,939.06
33,65815.0,53.7,7.3,1114.36,14,1741,8359.19
49,123751.0,92.0,7.7,3242.26,3,3006,24918.14
43,134615.0,77.8,13.8,4338.54,9,3432,60357.51
45,124176.0,90.6,16.9,4397.18,6,3424,74453.99
40,58098.0,40.9,2.0,1016.71,37,1379,2289.57
36,70469.0,60.1,8.9,1359.67,28,1784,12162.42
23,32718.0,29.7,1.5,408.18,25,772,159.88
23,32395.0,24.6,3.3,330.71,57,762,1706.91
51,84886.0,67.6,7.8,2816.57,0,2055,22994.78
24,25972.0,13.0,2.9,298.52,53,608,768.62
25,28980.0,22.9,4.0,341.83,85,693,1287.06
40,70745.0,51.7,7.0,1208.61,32,1761,8715.82
33,31030.0,39.2,4.7,306.67,52,927,1212.52
44,126635.0,81.8,16.0,4017.9,10,3258,63218.45
38,68368.0,52.8,7.1,1917.1,37,1798,13265.64
37,102222.0,94.8,11.3,3493.7,7,2535,39333.17
47,122278.0,88.8,11.4,3760.93,0,2846,43539.82
24,40316.0,24.4,5.3,339.44,75,934,1660.42
39,57606.0,39.6,8.2,1147.08,18,1566,10293.67
52,113521.0,89.1,13.8,2150.32,14,3066,29332.48
34,56968.0,41.9,5.5,963.62,33,1293,4752.98
31,29245.0,23.0,2.4,503.99,83,722,733.08
46,130427.0,72.8,14.5,3195.08,6,3406,46097.47
47,121313.0,93.0,13.1,3305.7,10,2977,43411.36
64,140443.0,94.0,5.5,3012.18,6,3000,16102.33
36,75983.0,47.3,5.9,920.7,33,2025,5421.24
22,26270.0,28.8,6.4,438.12,74,840,3350.64
42,80812.0,52.8,11.0,1175.23,26,2015,12089.28
42,60411.0,51.3,6.9,1311.72,14,1527,8903.97
70,122787.0,76.0,17.4,3731.33,9,3410,65049.67
23,28084.0,26.0,3.4,524.77,58,797,2152.13
31,30441.0,35.8,4.9,454.33,60,864,2798.09
51,130740.0,91.1,11.3,2856.49,8,3144,32559.24
30,26050.0,18.3,2.0,475.33,58,720,881.28
27,72095.0,28.6,6.6,890.64,34,1548,6019.39
35,70331.0,57.8,8.6,1443.83,34,1754,12806.43
43,127826.0,86.1,10.8,2157.05,11,2966,23960.92
39,54095.0,69.4,6.1,1304.9,24,1403,8253.93
28,25350.0,43.4,4.0,363.5,71,611,1254.48
37,71793.0,50.2,10.0,1190.25,17,1975,11649.93
59,61634.0,55.0,7.5,1227.35,22,1558,9498.95
52,59805.0,64.2,7.9,1165.15,11,1531,8949.52
41,65180.0,39.7,11.9,732.56,34,1855,8408.69
46,72123.0,72.0,9.8,879.89,42,2097,8773.72
27,27191.0,37.0,6.2,574.96,82,968,3604.93
27,25584.0,20.8,1.7,402.13,75,692,986.39
25,24727.0,40.1,3.2,463.38,57,747,1288.62
48,61998.0,49.2,8.4,1061.11,26,1717,8268.15
18,30173.0,36.3,4.8,507.25,56,665,2387.47
42,125170.0,80.0,15.1,2402.05,9,3344,36506.58
43,106936.0,76.3,15.4,2695.78,3,2873,40938.84
42,121226.0,89.4,11.1,2665.37,15,3080,29025.52
43,52857.0,57.0,6.2,932.29,24,1379,5224.24
39,66318.0,72.5,8.8,1352.55,31,1802,11393.17
38,135900.0,80.5,13.3,3417.25,10,3409,44913.41
32,78396.0,69.1,7.9,1373.8,38,1970,11092.61
29,30252.0,21.3,2.8,471.9,77,842,631.87
26,26462.0,17.0,1.2,560.73,44,486,997.63
24,35326.0,29.9,2.0,483.85,74,1014,624.26
40,65057.0,44.7,4.7,1246.18,25,1662,5594.19
38,65835.0,59.3,5.8,1317.51,16,1552,7187.58
49,177281.0,94.3,14.0,2773.81,7,4367,38645.3
34,28727.0,30.5,1.5,422.47,61,594,1437.36
24,24975.0,29.5,3.6,474.21,42,795,2045.87
41,131084.0,92.5,12.6,2775.97,9,3215,34253.12
56,55311.0,50.8,7.5,1210.33,43,1500,9400.97
47,144351.0,79.8,5.3,3471.7,16,3035,18863.48
26,30016.0,33.4,3.4,475.92,55,834,1304.27
28,24931.0,18.8,0.2,414.17,59,671,617.87
47,124857.0,93.4,4.5,3939.04,6,2726,17244.9
32,74696.0,48.4,6.1,1291.9,10,1852,7894.59
23,31083.0,26.8,2.9,441.95,59,899,756.73
26,28391.0,3.8,2.9,326.45,37,682,549.24
49,56068.0,60.5,4.4,1257.86,27,1373,5219.48
22,34749.0,24.4,2.6,403.2,64,944,1254.07
19,34706.0,18.6,3.4,339.02,85,870,499.61
52,101655.0,69.0,10.3,3181.83,7,2658,32773.76
41,68269.0,60.5,5.8,1559.08,15,1860,9472.32
18,24558.0,37.4,4.8,375.13,44,939,1319.23
23,31802.0,30.7,2.7,289.66,48,698,1194.24
50,128298.0,87.6,16.9,3142.6,2,3341,52234.86
20,28463.0,26.2,2.3,369.48,49,746,1578.19
34,33475.0,23.5,3.7,202.45,76,791,994.71
47,126677.0,89.0,10.3,3815.0,13,2993,38977.19
23,24576.0,33.9,1.5,526.26,80,552,948.97
22,32025.0,32.9,3.9,449.1,74,801,1491.42
27,24684.0,31.1,3.6,412.52,72,553,1354.9
53,135937.0,88.2,13.2,2289.62,5,3355,30309.32
43,128049.0,76.3,9.9,3171.3,10,2995,31558.09
47,126743.0,87.3,14.9,2639.23,12,3059,38249.1
38,59704.0,63.1,6.3,1519.87,14,1499,9040.17
57,69602.0,65.7,10.9,1247.37,38,1983,13064.57
21,24140.0,25.1,3.1,306.07,53,748,528.45
25,22086.0,24.9,1.5,311.25,54,554,599.07
44,98833.0,76.6,13.2,2355.75,12,2521,31403.51
25,34205.0,25.9,2.0,293.49,64,836,0.0
22,29039.0,21.6,2.9,377.87,66,645,1107.07
49,107043.0,65.0,15.1,3081.16,9,2764,45961.51
45,119026.0,93.0,10.8,2962.1,9,2925,32517.72
24,26845.0,24.8,3.7,441.9,48,693,856.0
51,149668.0,80.1,10.9,3482.42,14,3532,37764.91
21,31318.0,24.7,1.9,321.51,49,588,680.3
39,44501.0,58.9,6.8,1087.21,34,1286,6690.29
52,140073.0,72.4,14.5,3634.39,10,3363,52322.13
26,22782.0,29.1,2.7,494.96,44,556,1748.78
33,132980.0,88.1,12.5,3278.99,10,3195,41231.65
40,53403.0,69.3,8.2,931.17,34,1493,7324.28
45,126360.0,87.1,21.2,2147.63,2,3587,46331.33
46,119527.0,86.4,12.3,3643.54,11,2974,45330.67
38,68731.0,52.9,7.6,1373.18,26,1593,10797.21
23,20517.0,30.3,3.9,280.41,62,432,1200.59
37,112309.0,87.2,13.8,3661.75,9,2742,50647.53
43,70107.0,63.3,8.0,813.17,28,1834,6638.17
41,63550.0,51.9,5.2,1110.49,28,1650,4516.63
37,60647.0,63.2,6.4,1176.59,16,1540,7827.69
46,54919.0,61.8,7.9,1633.73,20,1471,12555.71
23,22208.0,3.4,0.7,403.41,45,345,70.96
43,51854.0,48.1,7.6,1499.31,24,1319,11481.71
39,64392.0,78.6,6.5,1625.63,15,1597,10244.86
42,68701.0,72.6,7.6,1328.91,36,1787,10051.3
40,57290.0,61.8,8.5,984.57,42,1472,8489.98
25,36302.0,12.9,6.4,277.57,71,956,2459.61
27,30156.0,33.4,2.9,418.47,89,573,1395.45
51,138568.0,75.4,16.2,3234.04,9,3524,51708.52
44,118929.0,68.7,13.3,3320.1,4,3231,44489.05
26,27430.0,39.0,4.0,399.09,84,493,1730.72
56,137373.0,89.1,16.3,3250.4,11,3573,53316.95
29,24691.0,23.8,3.7,394.42,56,657,698.56
54,122931.0,81.6,14.6,2590.36,8,3197,38271.18
21,26696.0,39.4,0.5,314.95,36,413,903.31
41,66280.0,57.6,5.3,1420.35,28,1657,6800.87
19,21622.0,20.8,5.1,333.19,57,758,1864.01
38,52486.0,51.9,5.7,1049.29,38,1121,5197.44
45,78911.0,67.4,8.3,1097.58,22,1970,9046.44
49,133278.0,80.7,17.2,2242.97,18,3569,39189.18
48,125586.0,84.1,18.2,3724.24,7,3383,66891.19
41,128017.0,93.6,14.4,3604.02,11,3249,51383.23
22,25697.0,39.5,3.5,311.52,68,590,764.76
36,32478.0,30.0,4.3,582.6,54,865,2638.17
29,55485.0,71.7,8.5,1339.14,34,1500,11351.0
29,65407.0,68.8,8.9,1239.24,23,1655,11960.53
60,126304.0,88.3,13.2,4003.79,7,3285,52960.11
26,23763.0,13.7,5.1,377.52,99,862,2082.08
27,30582.0,26.4,5.6,406.45,88,806,1997.28
51,122676.0,83.4,16.1,3333.92,4,3310,54212.94
26,29244.0,39.8,2.6,433.09,58,673,2532.53
46,66846.0,47.8,7.7,1004.06,26,1586,7898.48
47,126354.0,70.8,10.4,2581.93,6,3078,26900.41
19,19730.0,20.0,4.6,443.69,59,748,1357.32
44,67781.0,55.4,6.7,963.56,24,1628,6464.31
38,68903.0,58.4,8.6,1344.96,22,1743,11157.75
51,146917.0,81.0,13.2,3375.58,10,3564,45033.4
39,84301.0,65.5,11.9,1500.07,27,2238,16674.04
19,27479.0,26.8,3.3,614.51,88,596,1969.41
51,118339.0,84.5,15.8,3566.77,13,3168,56356.78
50,115225.0,89.0,18.3,3613.56,7,3269,66657.87
40,153978.0,98.6,17.3,2554.72,10,3862,43588.05
33,67845.0,67.4,6.3,1343.1,26,1637,8523.23
50,127940.0,76.3,15.6,2832.44,3,3333,43635.03
20,29652.0,14.7,3.4,456.9,42,796,1607.3
28,27004.0,12.4,2.3,379.07,55,457,1164.44
24,24812.0,28.9,3.0,334.86,64,473,827.76
33,140511.0,84.6,9.8,2830.11,6,3308,27802.88
43,149881.0,89.0,16.1,2830.49,4,3769,44907.89
47,114255.0,87.9,16.5,3683.91,8,3244,59789.79
55,138580.0,71.1,16.0,3964.37,13,3481,63862.1
26,25879.0,17.4,2.2,342.35,65,620,0.0
27,24601.0,22.1,2.7,223.92,49,575,466.29
35,47773.0,44.1,8.6,1156.8,36,1437,11224.75
26,26759.0,30.8,3.3,427.9,69,502,1139.0
23,30744.0,27.8,3.2,385.59,79,775,1976.62
39,64846.0,52.7,5.9,1097.14,13,1514,6636.3
23,26352.0,20.4,4.5,223.92,81,672,309.52
44,57625.0,65.8,8.5,1619.1,17,1694,13427.33
43,141907.0,75.7,14.7,3097.56,2,3590,45626.84
23,27968.0,28.4,2.9,446.0,69,649,1344.1
26,25006.0,33.8,3.3,268.82,108,513,546.16
45,66147.0,63.9,7.5,1021.94,26,1760,7545.72
28,27488.0,26.4,2.5,467.79,66,864,1505.34
40,57784.0,56.8,10.2,984.9,17,1643,10057.48
52,133643.0,78.8,13.4,3516.23,12,3335,46614.19
48,94145.0,90.6,12.2,3129.18,6,2458,38677.99
34,112733.0,91.0,15.2,3967.24,4,3199,60390.45
38,157833.0,65.9,12.5,3120.85,2,3808,39254.39
41,143370.0,82.3,9.9,4011.94,7,3287,39474.03
28,60062.0,55.8,9.3,1068.89,28,1481,9239.97
48,122819.0,84.7,22.3,3678.15,11,3510,81917.87
22,28928.0,22.8,1.4,277.61,67,626,425.06
39,154445.0,86.6,14.2,3238.3,5,3712,46656.5
27,23859.0,26.5,4.8,439.18,80,820,2588.09
55,124042.0,83.9,12.2,4738.43,9,3149,57326.85
22,18792.0,20.5,3.7,571.17,54,508,1964.87
21,30728.0,25.9,3.9,332.65,83,772,2463.63
35,79362.0,43.6,8.7,905.49,18,2014,7176.21
26,25126.0,23.2,2.9,423.38,71,681,656.45
35,117305.0,78.2,8.9,3242.23,4,2884,29311.5
34,133095.0,90.7,20.5,2505.35,3,3730,50408.46
39,68373.0,61.7,11.7,1645.45,29,1863,19336.45
50,133364.0,91.8,17.2,3108.07,6,3568,53214.92
34,51194.0,58.7,3.5,1444.61,23,960,5691.09
20,37083.0,33.4,0.6,360.04,71,779,0.0
33,59800.0,53.7,7.6,1284.51,13,1627,9955.79
29,20780.0,36.6,1.3,203.36,76,470,401.93
20,32632.0,17.1,2.2,404.38,88,857,615.69
47,109497.0,74.5,10.7,3522.26,18,2637,38124.94
43,57368.0,64.2,11.3,944.71,15,1854,10795.75
57,131292.0,94.2,13.3,3370.83,9,3554,44367.57
48,77644.0,63.7,8.5,821.38,19,1989,6626.96
28,24383.0,22.7,3.5,372.32,88,699,899.35
18,26714.0,25.6,4.1,344.64,52,856,1177.71
50,125539.0,91.8,10.5,3215.7,13,3041,34555.66
48,58319.0,58.0,7.0,1016.74,12,1548,7603.21
47,64348.0,52.7,10.5,1096.01,23,1771,11147.41
49,144796.0,85.9,17.1,3189.72,6,3847,55049.31
50,115125.0,80.2,16.2,2872.16,13,3268,46518.52
48,128606.0,78.3,11.0,3635.37,9,3129,39975.28
26,34092.0,16.4,4.1,363.47,62,999,976.8
41,132840.0,80.8,12.1,2730.27,12,3374,32775.8
56,113567.0,75.9,4.5,2582.74,8,2463,10626.18
38,67002.0,43.1,8.7,1519.72,25,1879,13995.69
38,106858.0,87.6,14.0,2610.54,3,2803,36424.61
45,123508.0,80.4,11.0,3571.83,7,2961,38978.59
37,67082.0,52.4,8.4,1338.51,16,1810,10429.36
55,119320.0,88.1,16.4,3344.59,14,3255,54837.49
30,25201.0,45.5,4.7,411.96,28,678,1861.59
50,135825.0,75.6,12.1,3246.49,8,3328,39481.4
22,24057.0,17.2,3.7,454.15,63,651,1149.78
41,128688.0,99.9,12.7,3860.21,15,3429,48664.59
51,130901.0,72.5,16.2,2244.34,2,3287,36859.26
40,150438.0,100.0,14.6,3696.89,9,3895,53421.92
25,23501.0,24.2,3.3,481.78,37,708,1538.97
25,21490.0,37.6,3.5,605.62,52,635,1922.13
34,124804.0,85.0,15.5,2777.16,7,3520,43232.22
22,28188.0,13.7,2.0,324.43,48,527,910.59
44,59820.0,84.9,9.7,1046.96,24,1708,10688.55
37,63024.0,46.5,4.1,1613.85,21,1441,7118.78
37,63157.0,59.7,7.8,1117.47,19,1571,7927.38
28,28270.0,24.5,3.6,381.3,77,597,1271.97
27,27360.0,16.1,5.2,437.41,48,695,2626.72
26,31821.0,14.2,3.6,219.8,65,857,1274.99
42,54654.0,48.9,6.0,1467.65,24,1575,8094.17
45,128578.0,85.8,10.7,3188.98,0,3173,32928.93
27,24544.0,21.2,1.4,550.13,88,524,1026.83
50,144430.0,89.7,14.7,3174.24,1,3635,47759.28
40,118796.0,87.4,12.8,3064.34,13,3045,39490.52
23,30188.0,10.8,4.0,259.74,61,782,996.48
48,126445.0,90.4,11.6,3451.55,16,2952,40357.79
26,24698.0,31.6,1.5,567.77,68,562,1179.03
35,53391.0,73.7,5.8,473.25,24,1419,2607.99
29,29018.0,34.5,1.0,660.17,33,744,296.58
31,74003.0,52.3,10.0,1671.92,17,1922,17009.36
40,135213.0,74.1,16.4,2577.73,6,3544,43299.73
47,60614.0,60.8,7.9,981.76,35,1605,8052.63
48,105826.0,94.4,20.2,3192.95,8,3100,64219.46
47,118381.0,89.8,10.8,3517.98,15,2902,37826.19
51,137729.0,93.6,18.2,1887.59,17,3801,33649.33
18,31484.0,37.4,0.9,379.1,61,676,250.47
48,108771.0,82.9,10.4,3578.24,6,2691,36298.44
26,24085.0,26.2,3.8,520.84,48,599,1690.23
29,61240.0,53.7,11.7,1297.24,21,1565,14150.86
26,27749.0,17.6,2.1,282.99,69,561,447.0
38,130339.0,85.4,14.2,2940.87,8,3421,41916.43
47,138932.0,77.8,15.5,3555.71,8,3412,56577.18
45,73479.0,45.9,10.4,1350.81,21,2004,13504.43
36,60220.0,47.0,7.2,1423.24,18,1339,9740.49
20,24240.0,19.0,0.6,493.43,75,563,82.9
20,29466.0,26.5,4.0,144.61,57,992,192.3
52,117486.0,86.7,16.5,4474.5,5,3278,74495.67
38,149078.0,80.5,15.4,3469.22,13,3504,53545.76
53,134667.0,87.3,16.6,3295.46,6,3438,54275.01
46,64174.0,47.2,8.8,1306.37,30,1720,12013.46
44,56432.0,57.6,9.4,1026.35,33,1417,10443.05
43,69377.0,60.1,8.0,1102.87,29,1666,7806.35
27,25414.0,31.7,4.5,530.17,53,671,2295.86
19,31886.0,30.9,6.2,448.65,50,887,2856.48
48,120507.0,100.0,13.5,3082.14,5,3025,41221.85
39,138789.0,78.1,16.0,3913.65,4,3688,62084.1
26,27644.0,25.2,2.9,519.06,67,680,1978.08
47,131263.0,90.3,16.2,2988.05,7,3400,48102.5
26,27239.0,30.5,0.0,302.84,50,517,591.76
45,118948.0,76.0,13.8,2990.28,8,2985,40794.91
23,32575.0,34.5,1.3,356.25,50,669,0.0
28,29335.0,34.4,3.5,418.46,70,656,1144.95
44,79435.0,60.7,8.4,1023.28,29,2037,9157.99
31,27004.0,14.2,3.0,392.95,74,764,1815.79
27,28814.0,29.9,6.1,339.43,65,921,1909.36
29,22406.0,25.8,6.1,518.57,70,733,3399.45
47,61744.0,42.5,12.4,1318.37,15,1734,17864.98
23,30308.0,27.3,1.4,347.14,75,613,0.0
37,67127.0,58.3,9.6,1262.87,24,1892,12389.69
46,114521.0,74.1,13.4,3175.52,7,2946,41711.11
23,20965.0,18.8,1.5,459.99,73,482,440.98
51,110008.0,82.2,13.1,2820.62,11,2685,36691.81
47,70758.0,51.7,8.7,1612.37,27,1809,12917.09
44,89434.0,80.0,13.0,2951.73,13,2671,39071.73
54,99024.0,94.7,14.0,2667.89,1,2686,36970.1
47,101650.0,69.4,17.6,4221.09,7,2791,73909.23
25,31006.0,33.5,4.6,450.78,53,834,2232.46
47,148453.0,92.1,19.8,3237.85,10,4083,64706.98
40,114403.0,67.3,14.3,3399.07,10,3142,49070.69
47,151710.0,77.3,19.5,3416.11,1,3918,66984.16
48,144367.0,95.0,14.1,3107.04,12,3583,43503.87
61,126060.0,74.0,17.5,3168.68,11,3366,54563.62
45,132923.0,71.6,15.9,3684.78,2,3365,58640.68
42,98769.0,86.6,17.6,2962.91,0,2821,51808.51
35,53608.0,51.1,6.5,1185.85,18,1384,7402.67
40,122737.0,95.4,15.9,3504.76,4,3242,55770.37
46,72101.0,67.7,10.5,1312.81,21,1878,13150.83
19,23968.0,27.7,3.8,439.47,57,743,1593.42
43,114705.0,88.2,16.1,3363.43,5,3172,54257.39
38,69675.0,42.4,5.0,668.19,20,1522,3122.18
40,68347.0,48.9,3.8,1378.18,32,1401,6050.44
25,21864.0,20.6,6.1,539.02,73,807,2393.1
25,27736.0,17.0,5.4,486.05,60,841,3404.87
47,139505.0,86.3,13.3,2601.02,5,3552,34780.85
56,108898.0,62.2,14.8,3526.17,8,2759,51997.15
54,113466.0,80.8,13.1,3880.06,3,2774,50812.51
45,66214.0,41.2,4.9,1607.96,39,1486,7945.61
49,122362.0,87.3,14.9,3267.96,6,3210,48430.45
62,136730.0,82.4,11.2,3730.04,5,3202,41676.77
22,23156.0,18.9,3.7,341.69,55,677,1885.21
57,120552.0,90.9,15.5,2623.25,6,3098,41252.6
49,137594.0,80.2,10.5,2529.96,3,3147,26646.98
36,57045.0,58.4,9.8,491.96,17,1603,5989.39
53,125800.0,88.9,15.2,2919.08,11,3143,44278.5
50,54997.0,59.8,7.8,909.55,20,1599,7600.29
38,115506.0,89.4,14.1,2422.31,8,2905,34355.05
42,75253.0,60.0,5.7,899.46,29,1740,5106.15
27,29578.0,20.6,4.5,528.98,84,953,2708.57
53,136937.0,88.4,16.3,3599.0,8,3403,58067.82
46,143313.0,80.1,15.5,3493.93,10,3692,54288.34
31,30531.0,21.1,4.4,572.7,37,729,2371.99
37,52139.0,52.7,7.5,1393.79,23,1462,10451.43
40,47305.0,49.5,7.0,1153.54,34,1284,8112.36
23,24947.0,21.4,5.5,295.52,46,943,2170.47
45,144852.0,95.1,12.4,2591.71,6,3478,31933.39
45,137754.0,71.7,15.6,3201.57,2,3643,49061.74
44,59594.0,52.0,3.8,870.72,25,1419,2222.52
35,58372.0,52.7,5.7,1115.94,38,1473,5890.28
41,89879.0,53.2,9.5,1030.75,14,2234,9730.06
51,118411.0,84.4,16.3,2873.16,5,3265,46178.31
47,119259.0,80.4,12.0,3452.51,2,3057,42656.73
38,133653.0,97.0,14.3,3106.66,8,3488,44036.0
41,147190.0,79.7,12.2,3999.16,7,3651,48199.92
54,129109.0,70.6,11.3,3060.25,11,3244,34584.95
57,134459.0,85.3,19.0,3759.62,6,3624,71315.11
40,143702.0,72.7,15.8,3465.49,8,3620,55133.2
50,141249.0,87.5,18.4,3040.63,13,3762,56855.06
37,62046.0,44.1,9.9,979.73,30,1722,9740.16
43,120253.0,72.6,12.0,3130.74,1,2905,37153.37
47,54392.0,39.4,6.3,1233.57,20,1466,7413.86
23,28602.0,30.7,1.3,266.88,70,710,970.9
27,30119.0,16.0,2.8,418.1,61,458,284.71
55,154651.0,77.1,15.3,3535.46,5,3880,53967.38
28,23208.0,30.6,2.4,418.34,77,664,1084.53
22,64955.0,59.1,8.2,1270.94,20,1533,10775.37
20,27412.0,11.8,2.2,563.91,36,599,1309.11
36,70591.0,73.1,10.0,1203.12,28,1779,11704.88
21,26900.0,30.7,2.9,382.71,56,684,1139.97
49,121290.0,86.9,13.8,3790.78,5,3148,51669.09
50,134605.0,91.1,17.6,3718.58,0,3554,64991.95
48,134189.0,78.4,13.2,2685.09,5,3428,35608.68
56,135826.0,78.0,14.4,2162.76,7,3491,31472.98
49,87414.0,86.6,16.5,3761.19,7,2577,61618.42
19,26123.0,22.5,2.6,390.11,45,524,1410.47
39,73902.0,45.5,5.9,1493.19,35,1635,8918.61
22,31343.0,24.6,2.6,466.29,58,833,1330.76
36,73939.0,44.9,9.8,970.93,15,2015,8863.57
52,104662.0,89.1,12.2,2788.96,5,2776,34205.69
40,68494.0,44.9,6.9,1048.37,39,1841,7683.04
38,54072.0,65.3,11.0,1464.53,45,1715,15308.47
50,142894.0,79.5,11.6,3089.48,3,3480,35942.8
27,25630.0,26.8,3.9,257.82,70,581,1644.73
37,81194.0,50.1,7.2,1176.39,24,2012,8320.49
50,65153.0,52.2,4.4,1345.89,37,1499,6523.62
42,115736.0,87.2,12.3,3138.33,9,2805,38256.05
24,24090.0,32.1,2.9,426.86,63,595,1315.85
24,27916.0,28.3,3.3,404.89,57,638,357.05
41,121045.0,80.3,8.5,3542.79,12,3068,30893.92
42,129060.0,84.0,15.7,3566.41,7,3252,56423.77
47,145142.0,91.4,12.2,3529.73,8,3534,42834.68
45,129665.0,68.5,7.9,3691.34,9,2995,28195.83
40,61169.0,51.3,8.2,1310.33,30,1572,10751.95
52,125226.0,93.3,17.8,2949.38,4,3316,52653.21
57,113148.0,92.8,16.4,3437.68,9,3094,55877.16
25,27542.0,32.4,2.1,426.74,60,439,1354.63
55,126103.0,92.2,11.8,3319.28,10,3262,38607.47
41,69014.0,49.6,12.0,1380.28,27,1764,16300.68
31,76873.0,84.5,7.8,876.71,30,1699,6665.68
35,61928.0,48.6,6.9,1255.57,25,1566,7438.42
29,22370.0,24.6,2.0,323.0,65,722,1270.13
25,28303.0,23.7,0.8,391.17,65,618,102.25
26,31705.0,32.5,4.5,295.31,65,840,1941.65
21,34009.0,33.2,2.3,414.87,55,778,1011.51
27,31167.0,24.0,3.6,385.3,83,800,1683.43
49,147093.0,86.2,9.7,3296.3,6,3423,31899.06
22,30554.0,14.2,3.5,430.74,57,711,1789.32
43,76379.0,54.4,8.8,1657.41,12,1931,14872.49
30,81189.0,41.6,7.9,1258.51,29,2021,9586.11
26,31321.0,29.7,3.8,247.43,65,691,506.45
39,81798.0,52.7,8.8,1462.18,15,1950,13721.31
48,135335.0,68.8,11.8,2896.0,10,3465,34708.13
40,68697.0,48.1,6.9,1389.93,19,1468,9218.41
44,53028.0,54.6,8.1,1519.24,43,1368,11750.57
39,70204.0,67.0,7.4,1106.92,24,1779,8077.94
28,21186.0,38.3,3.3,361.18,91,467,1457.82
21,27565.0,24.7,3.3,453.88,24,825,1239.13
22,61102.0,40.5,8.9,1352.06,24,1689,12072.79
49,136423.0,100.0,13.8,2935.27,7,3573,41037.42
25,32234.0,20.7,3.9,279.03,61,823,1770.28
55,129861.0,81.3,13.9,3220.64,18,3385,45448.42
40,68516.0,62.0,6.6,937.46,29,1824,7147.98
28,30761.0,19.3,2.9,416.94,71,562,1889.81
18,33222.0,44.6,2.9,370.51,59,736,1609.22
32,27572.0,28.9,3.0,345.38,63,707,431.9
28,24711.0,22.3,1.1,362.09,60,488,0.0
47,65683.0,54.6,9.5,1770.41,29,1651,17328.42
35,65054.0,61.9,9.0,1137.87,19,1819,9919.13
25,23674.0,28.7,3.4,556.15,63,367,1164.17
54,134778.0,94.6,12.6,3354.52,10,3172,42278.77
22,30004.0,27.1,6.6,405.7,65,913,3525.88
45,151308.0,91.6,14.7,3541.61,10,3655,53003.93
22,31431.0,22.8,1.1,200.63,47,855,0.0
41,77392.0,63.3,8.7,1242.62,24,2123,10135.63
58,128435.0,77.5,9.1,3007.16,11,2878,26879.35
47,128679.0,82.3,13.7,3846.37,3,3223,52655.76
44,119820.0,78.9,15.1,3423.7,20,3303,52159.55
22,25960.0,30.2,3.7,600.61,49,755,2862.74
58,129532.0,74.1,16.8,2691.12,6,3454,44355.4
29,27377.0,20.6,0.0,570.22,70,544,447.22
51,118283.0,80.2,12.0,2975.73,6,3083,35859.32
42,68234.0,55.9,9.0,1313.98,40,1936,11685.68
48,67909.0,60.3,7.0,792.18,41,1527,4331.91
58,146460.0,78.6,15.5,3644.58,9,3609,56564.97
26,26594.0,41.1,4.3,444.46,68,879,2546.78
27,35638.0,20.9,0.0,453.67,67,635,0.0
28,28141.0,26.0,0.0,457.93,58,497,0.0
35,67090.0,63.5,11.5,1237.02,25,2002,15066.01
32,142032.0,81.8,15.3,3128.37,12,3459,47950.13
38,63473.0,64.7,13.4,1413.89,30,1915,18852.99
42,130270.0,77.2,18.9,2686.3,9,3437,51142.38
47,70435.0,69.6,6.1,833.3,33,1553,5541.72
45,119429.0,80.6,9.1,3159.48,18,2857,28301.78
27,30491.0,29.8,3.6,310.15,46,874,1782.01
37,77270.0,41.3,7.5,1685.3,25,1932,13125.27
40,69708.0,35.8,8.4,1235.9,26,1822,9988.05
24,25759.0,17.6,2.4,357.06,52,596,140.02
46,130063.0,89.0,16.1,3391.58,11,3443,55296.25
39,54179.0,46.0,6.8,1211.5,19,1633,9140.59
24,24641.0,30.8,4.2,413.35,63,898,2756.19
21,26051.0,22.5,1.4,324.32,56,615,338.04
28,31900.0,16.9,3.7,319.63,53,890,1112.58
51,131697.0,90.2,11.1,2513.08,11,3163,28552.75
44,69276.0,64.0,7.1,1425.1,29,1908,9930.35
38,60197.0,61.1,7.9,1529.58,36,1601,11935.19
36,54981.0,46.3,10.4,940.36,2,1483,8842.78
46,58513.0,47.4,7.9,1638.73,21,1630,12372.95
29,29968.0,34.3,0.0,649.3,16,698,0.0
39,53260.0,38.9,9.7,1148.35,39,1560,11127.36
42,59966.0,59.6,10.4,1366.35,33,1858,14267.41
34,76919.0,57.6,7.4,687.51,38,1945,5991.51
35,124553.0,66.0,16.1,3889.23,2,3279,62932.66
25,23481.0,30.4,5.1,517.35,57,667,1282.34
18,31254.0,16.0,5.4,489.49,32,981,2930.62
35,60894.0,57.7,3.8,1459.59,28,1365,5545.53
42,121658.0,86.9,11.1,3453.51,12,2878,38889.09
43,62867.0,54.5,5.4,1504.74,26,1722,7674.6
25,27124.0,19.2,2.9,401.47,63,970,931.83
28,30457.0,24.7,1.1,397.27,45,771,0.0
44,139283.0,74.1,15.6,3449.55,4,3542,52052.78
42,149261.0,80.3,13.7,2504.02,8,3719,34154.16
50,138064.0,86.3,13.7,2110.89,8,3446,27996.98
45,123178.0,82.2,16.2,3277.66,7,3245,52574.58
46,61285.0,66.0,2.5,1004.95,17,1203,2859.62
50,134175.0,75.4,14.8,2703.21,6,3437,40265.36
29,80965.0,48.8,5.0,961.92,21,1778,4344.58
44,130034.0,67.2,13.9,3827.17,7,3257,52915.39
28,33766.0,28.1,3.2,270.32,77,971,773.12
25,60714.0,63.5,8.7,980.42,27,1735,9081.96
42,52821.0,61.0,6.9,973.85,7,1407,7727.17
65,138297.0,81.3,17.1,2814.11,7,3588,47320.39
19,31527.0,11.7,2.7,324.66,56,920,1538.85
41,155180.0,79.7,18.4,3343.39,12,3851,61172.45
46,135410.0,78.7,17.9,3501.9,12,3533,62990.38
38,56313.0,43.9,6.2,1011.89,15,1337,6665.16
45,154609.0,72.9,11.0,3886.96,6,3677,43591.6
30,62435.0,61.5,6.9,1495.87,35,1646,10586.23
26,29291.0,26.6,3.9,329.5,82,675,279.12
40,56302.0,81.2,7.9,949.45,19,1650,6988.15
45,56765.0,43.2,6.4,1140.47,27,1372,6830.19
38,137898.0,75.7,9.5,3554.68,1,3372,34382.54
49,172220.0,72.3,13.9,2532.69,2,4102,35148.77
33,32671.0,19.9,2.0,424.08,50,742,1064.47
24,30381.0,28.8,1.5,430.98,69,562,625.49
45,56983.0,45.8,5.2,850.72,17,1440,5523.25
41,66592.0,64.2,8.4,1278.3,16,1688,10801.67
21,35859.0,20.4,4.2,398.47,80,821,1466.27
26,28942.0,20.9,0.5,387.91,51,620,0.0
28,33920.0,26.7,2.9,332.23,53,800,524.81
42,77267.0,63.6,7.3,1277.5,20,1969,9392.49
52,133647.0,91.8,13.6,2562.88,12,3512,34697.34
43,61383.0,52.5,7.4,897.63,18,1511,6746.71
45,72831.0,50.4,3.7,1378.08,23,1715,4925.51
41,66952.0,61.9,9.1,1256.05,35,1648,11115.82
44,145810.0,86.8,14.1,3926.38,11,3665,54347.86
31,62371.0,63.1,7.3,1470.67,39,1535,10338.16
43,158357.0,82.7,19.2,2786.94,0,4197,53505.87
19,23267.0,26.6,2.6,553.08,67,725,1131.37
50,141533.0,82.7,14.7,2524.72,8,3802,36836.07
49,127591.0,95.3,11.1,3090.17,3,3180,34102.01
24,32951.0,23.5,3.9,432.17,49,1012,950.79
38,62441.0,47.1,7.6,1250.58,37,1701,9747.02
26,35505.0,22.0,4.3,450.8,54,969,1234.55
46,44166.0,58.3,10.4,1532.16,25,1371,16904.45
44,68508.0,60.6,10.5,577.92,32,1879,5261.96
24,25693.0,33.3,3.2,335.65,52,624,1155.39
39,50771.0,45.0,6.3,1102.52,22,1266,8038.83
21,35021.0,11.3,2.1,452.97,38,741,558.2
53,107515.0,85.4,13.5,3353.67,7,2872,45695.78
31,28388.0,18.7,4.6,281.24,78,802,1913.35
55,117048.0,81.6,13.4,3004.06,7,2950,40503.18
31,29992.0,8.4,2.0,460.91,41,737,817.95
33,23730.0,14.8,4.3,402.82,62,587,1708.23
31,28074.0,23.6,4.1,519.66,61,1018,2084.07
45,130192.0,94.5,10.2,3047.41,8,3255,31189.19
31,70846.0,52.0,7.4,1310.75,32,1745,9954.82
24,28021.0,19.4,3.1,382.5,50,731,998.89
